{
  "props" : {
    "id" : "main"
  },
  "views" : [
    {
      "type" : "input",
      "props" : {
        "id" : "principal",
        "radius" : 5,
        "$keyboardView" : {
          "props" : {
            "id" : "<T>$KEYBOARDVIEW",
            "height" : 44
          }
        },
        "secure" : false,
        "frame" : {
          "y" : 20,
          "x" : 20,
          "width" : 160,
          "height" : 40
        },
        "returnKeyType" : 9,
        "textColor" : {
          "$type" : "$color",
          "$props" : {
            "red" : 51,
            "alpha" : 1,
            "blue" : 51,
            "green" : 51
          }
        },
        "type" : 4,
        "enabled" : true,
        "placeholder" : "购买资金",
        "$accessoryView" : {
          "props" : {
            "id" : "<T>$ACCESSORYVIEW",
            "height" : 44
          }
        },
        "bgcolor" : {
          "$type" : "$color",
          "$props" : {
            "red" : 213,
            "alpha" : 1,
            "blue" : 214,
            "green" : 216
          }
        }
      },
      "events" : {
        "didBeginEditing" : {
          "$type" : "$event",
          "$props" : {
            "selector" : "didBeginEditing"
          }
        }
      }
    },
    {
      "type" : "input",
      "props" : {
        "radius" : 5,
        "placeholder" : "年化收益率",
        "tintColor" : {
          "$type" : "$color",
          "$props" : {
            "red" : 21,
            "alpha" : 1,
            "blue" : 251,
            "green" : 126
          }
        },
        "frame" : {
          "y" : 20,
          "x" : 191,
          "width" : 160,
          "height" : 40
        },
        "id" : "rate",
        "bgcolor" : {
          "$type" : "$color",
          "$props" : {
            "red" : 212,
            "alpha" : 1,
            "blue" : 214,
            "green" : 215
          }
        },
        "selected" : false,
        "text" : "",
        "highlighted" : false,
        "type" : 8
      },
      "events" : {
        "didBeginEditing" : {
          "$type" : "$event",
          "$props" : {
            "selector" : "didBeginEditing"
          }
        }
      }
    },
    {
      "type" : "button",
      "props" : {
        "frame" : {
          "y" : 65,
          "x" : 221,
          "width" : 100,
          "height" : 40
        },
        "title" : "计算",
        "tintColor" : {
          "$type" : "$color",
          "$props" : {
            "red" : 255,
            "alpha" : 1,
            "blue" : 255,
            "green" : 255
          }
        },
        "id" : "button[0]"
      },
      "events" : {
        "tapped" : {
          "$type" : "$event",
          "$props" : {
            "selector" : "tapped"
          }
        }
      }
    },
    {
      "type" : "input",
      "props" : {
        "placeholder" : "理财实际天数",
        "radius" : 5,
        "tintColor" : {
          "$type" : "$color",
          "$props" : {
            "red" : 21,
            "alpha" : 1,
            "blue" : 251,
            "green" : 126
          }
        },
        "frame" : {
          "y" : 65,
          "x" : 20,
          "width" : 160,
          "height" : 40
        },
        "id" : "date",
        "bgcolor" : {
          "$type" : "$color",
          "$props" : {
            "red" : 213,
            "alpha" : 1,
            "blue" : 214,
            "green" : 216
          }
        },
        "type" : 4
      },
      "events" : {
        "didBeginEditing" : {
          "$type" : "$event",
          "$props" : {
            "selector" : "didBeginEditing"
          }
        }
      }
    }
  ]
}