{
  "props" : {
    "id" : "main"
  },
  "views" : [
    {
      "type" : "input",
      "props" : {
        "frame" : {
          "y" : 20,
          "x" : 20,
          "width" : 181,
          "height" : 47
        },
        "id" : "principal",
        "placeholder" : "购买资金",
        "radius" : 5
      }
    },
    {
      "type" : "input",
      "props" : {
        "text" : "",
        "frame" : {
          "y" : 72,
          "x" : 181,
          "width" : 119,
          "height" : 47
        },
        "id" : "rate",
        "placeholder" : "年化收益率",
        "radius" : 5
      }
    },
    {
      "type" : "label",
      "props" : {
        "align" : 1,
        "frame" : {
          "y" : 120,
          "x" : 84,
          "width" : 127,
          "height" : 50
        },
        "id" : "label[0]",
        "text" : "理财收益"
      }
    },
    {
      "type" : "button",
      "props" : {
        "frame" : {
          "y" : 17,
          "x" : 241,
          "width" : 100,
          "height" : 51
        },
        "title" : "Button",
        "tintColor" : {
          "$type" : "$color",
          "$props" : {
            "red" : 255,
            "alpha" : 1,
            "blue" : 255,
            "green" : 255
          }
        },
        "id" : "button[0]"
      }
    },
    {
      "type" : "input",
      "props" : {
        "frame" : {
          "y" : 76,
          "x" : 20,
          "width" : 129,
          "height" : 43
        },
        "id" : "date",
        "placeholder" : "理财实际天数",
        "radius" : 5
      }
    }
  ]
}