{
  "props" : {
    "alpha" : 0.80000000000000004,
    "statusBarHidden" : true,
    "tintColor" : {
      "$type" : "$color",
      "$props" : {
        "red" : 0,
        "alpha" : 1,
        "blue" : 255,
        "green" : 173
      }
    },
    "statusBarStyle" : 0,
    "id" : "main",
    "navBarHidden" : true,
    "opaque" : false
  },
  "views" : [
    {
      "type" : "button",
      "props" : {
        "opaque" : true,
        "alpha" : 1,
        "tintColor" : {
          "$type" : "$color",
          "$props" : {
            "red" : 39,
            "alpha" : 1,
            "blue" : 116,
            "green" : 148
          }
        },
        "id" : "button[0]",
        "frame" : {
          "y" : 65,
          "x" : 122,
          "width" : 129,
          "height" : 28
        },
        "title" : "获取封面",
        "bgcolor" : {
          "$type" : "$color",
          "$props" : {
            "red" : 39,
            "alpha" : 1,
            "blue" : 116,
            "green" : 148
          }
        }
      },
      "events" : {
        "tapped" : {
          "$type" : "$event",
          "$props" : {
            "selector" : "tapped"
          }
        }
      }
    },
    {
      "type" : "input",
      "props" : {
        "id" : "input[0]",
        "radius" : 5,
        "$keyboardView" : {
          "props" : {
            "id" : "<T>$KEYBOARDVIEW",
            "height" : 44
          },
          "views" : [

          ]
        },
        "frame" : {
          "y" : 20,
          "x" : 28,
          "width" : 310,
          "height" : 32
        },
        "clearsOnBeginEditing" : false,
        "secure" : false,
        "type" : 0,
        "tintColor" : {
          "$type" : "$color",
          "$props" : {
            "red" : 39,
            "alpha" : 1,
            "blue" : 116,
            "green" : 148
          }
        },
        "darkKeyboard" : false,
        "text" : "",
        "placeholder" : "请输入番号",
        "$accessoryView" : {
          "props" : {
            "id" : "<T>$ACCESSORYVIEW",
            "height" : 44
          }
        },
        "bgcolor" : {
          "$type" : "$color",
          "$props" : {
            "red" : 226,
            "alpha" : 1,
            "blue" : 226,
            "green" : 226
          }
        }
      },
      "events" : {

      }
    },
    {
      "type" : "tab",
      "props" : {
        "index" : 3,
        "menu" : [

        ],
        "frame" : {
          "y" : 136,
          "x" : 31,
          "width" : 310,
          "height" : 40
        },
        "id" : "tab[0]",
        "selected" : false,
        "highlighted" : false,
        "items" : [
          "ABP",
          "SSNI",
          "EBODY",
          "BF"
        ]
      },
      "events" : {
        "changed" : {
          "$type" : "$event",
          "$props" : {
            "selector" : "changed"
          }
        }
      }
    },
    {
      "type" : "tab",
      "props" : {
        "hidden" : false,
        "items" : [
          "TEK",
          "OFJE",
          "IPX",
          "CJOB"
        ],
        "enabled" : true,
        "frame" : {
          "y" : 176,
          "x" : 31,
          "width" : 310,
          "height" : 40
        },
        "id" : "tab[1]",
        "menu" : [

        ],
        "selected" : false,
        "tintColor" : {
          "$type" : "$color",
          "$props" : {
            "red" : 30,
            "alpha" : 1,
            "blue" : 161,
            "green" : 128
          }
        },
        "index" : 0
      },
      "events" : {
        "changed" : {
          "$type" : "$event",
          "$props" : {
            "selector" : "changed"
          }
        }
      }
    },
    {
      "type" : "spinner",
      "props" : {
        "frame" : {
          "y" : 79,
          "x" : 135,
          "width" : 102,
          "height" : 71
        },
        "id" : "spinner[0]",
        "color" : {
          "$type" : "$color",
          "$props" : {
            "red" : 54,
            "alpha" : 1,
            "blue" : 190,
            "green" : 117
          }
        }
      },
      "events" : {

      }
    }
  ]
}